{"cameraMode":{"drawMode":0,"name":"Shaded","section":"Shading Mode"},"sceneLighting":true,"audioPlay":false,"sceneViewState":{"m_AlwaysRefresh":false,"showFog":true,"showSkybox":true,"showFlares":true,"showImageEffects":true,"showParticleSystems":true,"showVisualEffectGraphs":true,"m_FxEnabled":true},"in2DMode":false,"pivot":{"x":16.032329559326173,"y":-13.740934371948243,"z":222.5666961669922},"rotation":{"x":0.030298402532935144,"y":-0.020992619916796685,"z":0.0006359479739330709,"w":0.999323308467865},"size":133.05499267578126,"orthographic":false}