{"cameraMode":{"drawMode":0,"name":"Shaded","section":"Shading Mode"},"sceneLighting":true,"audioPlay":false,"sceneViewState":{"m_AlwaysRefresh":false,"showFog":true,"showSkybox":true,"showFlares":true,"showImageEffects":true,"showParticleSystems":true,"showVisualEffectGraphs":true,"m_FxEnabled":true},"in2DMode":false,"pivot":{"x":-1.4442802667617798,"y":21.577173233032228,"z":90.12617492675781},"rotation":{"x":-0.0026885108090937139,"y":0.04048553854227066,"z":0.00010803754412336275,"w":0.9991863369941711},"size":88.31395721435547,"orthographic":true}