{"cameraMode":{"drawMode":0,"name":"Shaded","section":"Shading Mode"},"sceneLighting":true,"audioPlay":false,"sceneViewState":{"m_AlwaysRefresh":false,"showFog":true,"showSkybox":true,"showFlares":true,"showImageEffects":true,"showParticleSystems":true,"showVisualEffectGraphs":true,"m_FxEnabled":true},"in2DMode":false,"pivot":{"x":-1.1017377376556397,"y":-1.2224910259246827,"z":96.96595764160156},"rotation":{"x":0.01230876985937357,"y":0.0074956947937607769,"z":-0.00009316494833910838,"w":0.9999045729637146},"size":66.40167236328125,"orthographic":true}